,Unnamed: 0,counts,year,month,day,hour,minute
19,19,0.0226266601082144,2023,12,6,1,18
20,20,0.0954254795868175,2023,12,6,1,13
21,21,0.0113133300541072,2023,12,6,0,22
22,22,1.0,2020,4,13,14,1
23,23,0.0250860796851942,2020,4,12,2,29
24,24,0.1549434333497294,2020,3,24,22,52
25,25,0.3698967043777668,2023,9,1,23,52
